20000 Leagues Under the Sea,61,Apr
20000 Leagues Under the Sea,27,Aug
20000 Leagues Under the Sea,21,Dec
20000 Leagues Under the Sea,42,Feb
20000 Leagues Under the Sea,36,Jan
20000 Leagues Under the Sea,13,Jul
20000 Leagues Under the Sea,45,Jun
20000 Leagues Under the Sea,45,Mar
20000 Leagues Under the Sea,24,May
20000 Leagues Under the Sea,26,Nov
20000 Leagues Under the Sea,60,Oct
20000 Leagues Under the Sea,24,Sep
Age of Discontuinity,42,Apr
Age of Discontuinity,30,Aug
Age of Discontuinity,50,Dec
Age of Discontuinity,19,Feb
Age of Discontuinity,34,Jan
Age of Discontuinity,50,Jul
Age of Discontuinity,19,Jun
Age of Discontuinity,37,Mar
Age of Discontuinity,35,May
Age of Discontuinity,29,Nov
Age of Discontuinity,23,Oct
Age of Discontuinity,18,Sep
Amulet of Samarkand,34,Apr
Amulet of Samarkand,17,Aug
Amulet of Samarkand,28,Dec
Amulet of Samarkand,10,Feb
Amulet of Samarkand,21,Jan
Amulet of Samarkand,46,Jul
Amulet of Samarkand,15,Jun
Amulet of Samarkand,12,Mar
Amulet of Samarkand,23,May
Amulet of Samarkand,66,Nov
Amulet of Samarkand,26,Oct
Amulet of Samarkand,22,Sep
Analysis,21,Apr
Analysis,29,Aug
Analysis,14,Dec
Analysis,29,Feb
Analysis,60,Jan
Analysis,38,Jul
Analysis,43,Jun
Analysis,18,Mar
Analysis,38,May
Analysis,26,Nov
Analysis,50,Oct
Analysis,39,Sep
Angels & Demons,91,Apr
Angels & Demons,48,Aug
Angels & Demons,43,Dec
Angels & Demons,65,Feb
Angels & Demons,73,Jan
Angels & Demons,77,Jul
Angels & Demons,66,Jun
Angels & Demons,104,Mar
Angels & Demons,115,May
Angels & Demons,75,Nov
Angels & Demons,67,Oct
Angels & Demons,76,Sep
Animal Farm,34,Apr
Animal Farm,1,Aug
Animal Farm,46,Dec
Animal Farm,26,Feb
Animal Farm,50,Jan
Animal Farm,16,Jul
Animal Farm,30,Jun
Animal Farm,48,Mar
Animal Farm,14,May
Animal Farm,40,Nov
Animal Farm,32,Oct
Animal Farm,55,Sep
Asami Asami,57,Apr
Asami Asami,31,Aug
Asami Asami,47,Dec
Asami Asami,28,Feb
Asami Asami,64,Jan
Asami Asami,38,Jul
Asami Asami,22,Jun
Asami Asami,36,Mar
Asami Asami,21,May
Asami Asami,26,Nov
Asami Asami,31,Oct
Asami Asami,17,Sep
Ashenden of The British Agent,23,Apr
Ashenden of The British Agent,18,Aug
Ashenden of The British Agent,25,Feb
Ashenden of The British Agent,29,Jan
Ashenden of The British Agent,38,Jul
Ashenden of The British Agent,34,Jun
Ashenden of The British Agent,50,Mar
Ashenden of The British Agent,56,May
Ashenden of The British Agent,56,Nov
Ashenden of The British Agent,51,Oct
Ashenden of The British Agent,17,Sep
Attorney,38,Apr
Attorney,52,Aug
Attorney,10,Dec
Attorney,39,Feb
Attorney,22,Jan
Attorney,21,Jul
Attorney,29,Jun
Attorney,21,Mar
Attorney,33,May
Attorney,10,Nov
Attorney,25,Oct
Attorney,2,Sep
Batatyachi Chal,68,Apr
Batatyachi Chal,40,Aug
Batatyachi Chal,57,Dec
Batatyachi Chal,29,Feb
Batatyachi Chal,9,Jan
Batatyachi Chal,20,Jul
Batatyachi Chal,45,Jun
Batatyachi Chal,17,Mar
Batatyachi Chal,52,May
Batatyachi Chal,21,Nov
Batatyachi Chal,31,Oct
Batatyachi Chal,38,Sep
Birth of a Theorem,56,Apr
Birth of a Theorem,33,Aug
Birth of a Theorem,62,Dec
Birth of a Theorem,18,Feb
Birth of a Theorem,34,Jan
Birth of a Theorem,11,Jul
Birth of a Theorem,21,Jun
Birth of a Theorem,26,Mar
Birth of a Theorem,32,May
Birth of a Theorem,49,Nov
Birth of a Theorem,31,Oct
Birth of a Theorem,49,Sep
Brethren,28,Apr
Brethren,32,Aug
Brethren,23,Dec
Brethren,25,Feb
Brethren,28,Jan
Brethren,36,Jul
Brethren,21,Jun
Brethren,37,Mar
Brethren,68,May
Brethren,28,Nov
Brethren,49,Oct
Brethren,28,Sep
Burning Bright,13,Apr
Burning Bright,15,Aug
Burning Bright,21,Dec
Burning Bright,32,Feb
Burning Bright,37,Jan
Burning Bright,10,Jul
Burning Bright,32,Jun
Burning Bright,52,Mar
Burning Bright,48,May
Burning Bright,29,Nov
Burning Bright,18,Oct
Burning Bright,28,Sep
Case of the Lame Canary,50,Apr
Case of the Lame Canary,12,Aug
Case of the Lame Canary,23,Dec
Case of the Lame Canary,52,Feb
Case of the Lame Canary,21,Jan
Case of the Lame Canary,17,Jul
Case of the Lame Canary,20,Jun
Case of the Lame Canary,65,Mar
Case of the Lame Canary,15,May
Case of the Lame Canary,31,Nov
Case of the Lame Canary,85,Oct
Case of the Lame Canary,31,Sep
Catch 22,26,Apr
Catch 22,26,Aug
Catch 22,32,Dec
Catch 22,47,Feb
Catch 22,11,Jan
Catch 22,31,Jul
Catch 22,46,Jun
Catch 22,50,Mar
Catch 22,37,May
Catch 22,25,Nov
Catch 22,38,Oct
Catch 22,31,Sep
Christmas Carol,1,Apr
Christmas Carol,38,Aug
Christmas Carol,36,Dec
Christmas Carol,20,Feb
Christmas Carol,24,Jan
Christmas Carol,43,Jul
Christmas Carol,25,Jun
Christmas Carol,29,Mar
Christmas Carol,46,May
Christmas Carol,6,Nov
Christmas Carol,30,Oct
Christmas Carol,40,Sep
City of Joy,15,Apr
City of Joy,53,Aug
City of Joy,29,Dec
City of Joy,17,Feb
City of Joy,6,Jan
City of Joy,29,Jul
City of Joy,25,Jun
City of Joy,23,Mar
City of Joy,27,May
City of Joy,70,Nov
City of Joy,15,Oct
City of Joy,51,Sep
Complete Sherlock Holmes,43,Apr
Complete Sherlock Holmes,110,Aug
Complete Sherlock Holmes,76,Dec
Complete Sherlock Holmes,70,Feb
Complete Sherlock Holmes,75,Jan
Complete Sherlock Holmes,84,Jul
Complete Sherlock Holmes,54,Jun
Complete Sherlock Holmes,76,Mar
Complete Sherlock Holmes,34,May
Complete Sherlock Holmes,86,Nov
Complete Sherlock Holmes,88,Oct
Complete Sherlock Holmes,58,Sep
Computer Vision,14,Apr
Computer Vision,24,Aug
Computer Vision,19,Dec
Computer Vision,11,Feb
Computer Vision,10,Jan
Computer Vision,22,Jul
Computer Vision,50,Jun
Computer Vision,19,Mar
Computer Vision,54,May
Computer Vision,27,Nov
Computer Vision,16,Oct
Computer Vision,49,Sep
Crime and Punishment,33,Apr
Crime and Punishment,23,Aug
Crime and Punishment,56,Dec
Crime and Punishment,16,Feb
Crime and Punishment,45,Jan
Crime and Punishment,48,Jul
Crime and Punishment,42,Jun
Crime and Punishment,47,Mar
Crime and Punishment,47,May
Crime and Punishment,37,Nov
Crime and Punishment,19,Oct
Crime and Punishment,26,Sep
Data Analysis with Open Source Tools,20,Apr
Data Analysis with Open Source Tools,12,Aug
Data Analysis with Open Source Tools,8,Dec
Data Analysis with Open Source Tools,8,Feb
Data Analysis with Open Source Tools,30,Jan
Data Analysis with Open Source Tools,37,Jul
Data Analysis with Open Source Tools,52,Jun
Data Analysis with Open Source Tools,21,Mar
Data Analysis with Open Source Tools,11,May
Data Analysis with Open Source Tools,19,Nov
Data Analysis with Open Source Tools,32,Oct
Data Analysis with Open Source Tools,19,Sep
Data Mining Handbook,25,Apr
Data Mining Handbook,45,Aug
Data Mining Handbook,51,Dec
Data Mining Handbook,37,Feb
Data Mining Handbook,23,Jan
Data Mining Handbook,23,Jul
Data Mining Handbook,67,Jun
Data Mining Handbook,16,Mar
Data Mining Handbook,26,May
Data Mining Handbook,22,Nov
Data Mining Handbook,39,Oct
Data Mining Handbook,86,Sep
Data Scientists at Work,40,Apr
Data Scientists at Work,46,Aug
Data Scientists at Work,66,Dec
Data Scientists at Work,17,Feb
Data Scientists at Work,55,Jan
Data Scientists at Work,20,Jul
Data Scientists at Work,24,Jun
Data Scientists at Work,15,Mar
Data Scientists at Work,30,May
Data Scientists at Work,36,Nov
Data Scientists at Work,22,Oct
Data Scientists at Work,61,Sep
Data Smart,53,Apr
Data Smart,56,Aug
Data Smart,57,Dec
Data Smart,20,Feb
Data Smart,21,Jan
Data Smart,16,Jul
Data Smart,30,Jun
Data Smart,38,Mar
Data Smart,33,May
Data Smart,33,Nov
Data Smart,32,Oct
Data Smart,26,Sep
Deceiver,38,Apr
Deceiver,41,Aug
Deceiver,28,Dec
Deceiver,28,Feb
Deceiver,28,Jan
Deceiver,28,Jul
Deceiver,26,Jun
Deceiver,66,Mar
Deceiver,20,May
Deceiver,15,Nov
Deceiver,7,Oct
Deceiver,30,Sep
Devil's Advocate,42,Apr
Devil's Advocate,32,Aug
Devil's Advocate,11,Dec
Devil's Advocate,33,Feb
Devil's Advocate,55,Jan
Devil's Advocate,43,Jul
Devil's Advocate,35,Jun
Devil's Advocate,18,Mar
Devil's Advocate,50,May
Devil's Advocate,15,Nov
Devil's Advocate,69,Oct
Devil's Advocate,51,Sep
Doctor in the Nude,25,Apr
Doctor in the Nude,31,Aug
Doctor in the Nude,39,Dec
Doctor in the Nude,14,Feb
Doctor in the Nude,37,Jan
Doctor in the Nude,37,Jul
Doctor in the Nude,28,Jun
Doctor in the Nude,55,Mar
Doctor in the Nude,31,May
Doctor in the Nude,36,Nov
Doctor in the Nude,32,Oct
Doctor in the Nude,40,Sep
Doctor on the Brain,40,Apr
Doctor on the Brain,24,Aug
Doctor on the Brain,41,Dec
Doctor on the Brain,22,Feb
Doctor on the Brain,26,Jan
Doctor on the Brain,28,Jul
Doctor on the Brain,34,Jun
Doctor on the Brain,56,Mar
Doctor on the Brain,16,May
Doctor on the Brain,37,Nov
Doctor on the Brain,34,Oct
Doctor on the Brain,30,Sep
Econometric Analysis,36,Apr
Econometric Analysis,22,Aug
Econometric Analysis,26,Dec
Econometric Analysis,39,Feb
Econometric Analysis,25,Jan
Econometric Analysis,71,Jul
Econometric Analysis,20,Jun
Econometric Analysis,38,Mar
Econometric Analysis,34,May
Econometric Analysis,40,Nov
Econometric Analysis,5,Oct
Econometric Analysis,20,Sep
Elements of Information Theory,38,Apr
Elements of Information Theory,21,Aug
Elements of Information Theory,34,Dec
Elements of Information Theory,26,Feb
Elements of Information Theory,13,Jan
Elements of Information Theory,20,Jul
Elements of Information Theory,11,Jun
Elements of Information Theory,40,Mar
Elements of Information Theory,26,May
Elements of Information Theory,34,Nov
Elements of Information Theory,53,Oct
Elements of Information Theory,4,Sep
Eyeless in Gaza,49,Apr
Eyeless in Gaza,33,Aug
Eyeless in Gaza,31,Dec
Eyeless in Gaza,13,Feb
Eyeless in Gaza,28,Jan
Eyeless in Gaza,20,Jul
Eyeless in Gaza,50,Jun
Eyeless in Gaza,18,Mar
Eyeless in Gaza,34,May
Eyeless in Gaza,20,Nov
Eyeless in Gaza,48,Oct
Eyeless in Gaza,11,Sep
False Impressions,44,Apr
False Impressions,44,Aug
False Impressions,27,Dec
False Impressions,55,Feb
False Impressions,35,Jan
False Impressions,52,Jul
False Impressions,14,Jun
False Impressions,19,Mar
False Impressions,33,May
False Impressions,61,Nov
False Impressions,41,Oct
False Impressions,22,Sep
Farewell to Arms,66,Apr
Farewell to Arms,11,Aug
Farewell to Arms,24,Dec
Farewell to Arms,42,Feb
Farewell to Arms,22,Jan
Farewell to Arms,32,Jul
Farewell to Arms,30,Jun
Farewell to Arms,24,Mar
Farewell to Arms,23,May
Farewell to Arms,25,Nov
Farewell to Arms,57,Oct
Farewell to Arms,25,Sep
Freakonomics,60,Apr
Freakonomics,46,Aug
Freakonomics,70,Dec
Freakonomics,37,Feb
Freakonomics,65,Jan
Freakonomics,19,Jul
Freakonomics,53,Jun
Freakonomics,41,Mar
Freakonomics,13,May
Freakonomics,17,Nov
Freakonomics,22,Oct
Freakonomics,33,Sep
Fundamentals of Wavelets,16,Apr
Fundamentals of Wavelets,41,Aug
Fundamentals of Wavelets,21,Dec
Fundamentals of Wavelets,35,Feb
Fundamentals of Wavelets,25,Jan
Fundamentals of Wavelets,26,Jul
Fundamentals of Wavelets,10,Jun
Fundamentals of Wavelets,32,Mar
Fundamentals of Wavelets,23,May
Fundamentals of Wavelets,24,Nov
Fundamentals of Wavelets,45,Oct
Fundamentals of Wavelets,51,Sep
Girl who kicked the Hornet's Nest,27,Apr
Girl who kicked the Hornet's Nest,26,Aug
Girl who kicked the Hornet's Nest,30,Dec
Girl who kicked the Hornet's Nest,34,Feb
Girl who kicked the Hornet's Nest,15,Jan
Girl who kicked the Hornet's Nest,29,Jul
Girl who kicked the Hornet's Nest,20,Jun
Girl who kicked the Hornet's Nest,29,Mar
Girl who kicked the Hornet's Nest,33,May
Girl who kicked the Hornet's Nest,46,Nov
Girl who kicked the Hornet's Nest,1,Oct
Girl who kicked the Hornet's Nest,32,Sep
Girl who played with Fire,16,Apr
Girl who played with Fire,22,Aug
Girl who played with Fire,74,Dec
Girl who played with Fire,18,Feb
Girl who played with Fire,73,Jan
Girl who played with Fire,17,Jul
Girl who played with Fire,48,Jun
Girl who played with Fire,19,Mar
Girl who played with Fire,16,May
Girl who played with Fire,43,Nov
Girl who played with Fire,33,Oct
Girl who played with Fire,23,Sep
Girl with the Dragon Tattoo,46,Apr
Girl with the Dragon Tattoo,21,Aug
Girl with the Dragon Tattoo,38,Dec
Girl with the Dragon Tattoo,39,Feb
Girl with the Dragon Tattoo,14,Jan
Girl with the Dragon Tattoo,14,Jul
Girl with the Dragon Tattoo,21,Jun
Girl with the Dragon Tattoo,34,Mar
Girl with the Dragon Tattoo,19,May
Girl with the Dragon Tattoo,26,Nov
Girl with the Dragon Tattoo,64,Oct
Girl with the Dragon Tattoo,38,Sep
God Created the Integers,24,Apr
God Created the Integers,26,Aug
God Created the Integers,45,Dec
God Created the Integers,10,Feb
God Created the Integers,29,Jan
God Created the Integers,16,Jul
God Created the Integers,37,Jun
God Created the Integers,48,Mar
God Created the Integers,30,May
God Created the Integers,35,Nov
God Created the Integers,38,Oct
God Created the Integers,28,Sep
Grapes of Wrath,16,Apr
Grapes of Wrath,42,Aug
Grapes of Wrath,31,Dec
Grapes of Wrath,45,Feb
Grapes of Wrath,49,Jan
Grapes of Wrath,20,Jul
Grapes of Wrath,40,Jun
Grapes of Wrath,25,Mar
Grapes of Wrath,14,May
Grapes of Wrath,29,Nov
Grapes of Wrath,38,Oct
Grapes of Wrath,23,Sep
Great Indian Novel,32,Apr
Great Indian Novel,9,Aug
Great Indian Novel,59,Dec
Great Indian Novel,33,Feb
Great Indian Novel,38,Jan
Great Indian Novel,29,Jul
Great Indian Novel,63,Jun
Great Indian Novel,24,Mar
Great Indian Novel,39,May
Great Indian Novel,48,Nov
Great Indian Novel,38,Oct
Great Indian Novel,39,Sep
Hafasavnuk,19,Apr
Hafasavnuk,27,Aug
Hafasavnuk,38,Dec
Hafasavnuk,5,Feb
Hafasavnuk,35,Jan
Hafasavnuk,56,Jul
Hafasavnuk,26,Jun
Hafasavnuk,35,Mar
Hafasavnuk,48,May
Hafasavnuk,46,Nov
Hafasavnuk,17,Oct
Hafasavnuk,1,Sep
Half A Life,36,Apr
Half A Life,29,Aug
Half A Life,45,Dec
Half A Life,41,Feb
Half A Life,13,Jan
Half A Life,26,Jul
Half A Life,12,Jun
Half A Life,70,Mar
Half A Life,19,May
Half A Life,34,Nov
Half A Life,30,Oct
Half A Life,9,Sep
How to Think Like Sherlock Holmes,23,Apr
How to Think Like Sherlock Holmes,54,Aug
How to Think Like Sherlock Holmes,9,Dec
How to Think Like Sherlock Holmes,25,Feb
How to Think Like Sherlock Holmes,6,Jan
How to Think Like Sherlock Holmes,44,Jul
How to Think Like Sherlock Holmes,53,Jun
How to Think Like Sherlock Holmes,38,Mar
How to Think Like Sherlock Holmes,14,May
How to Think Like Sherlock Holmes,25,Nov
How to Think Like Sherlock Holmes,73,Oct
How to Think Like Sherlock Holmes,83,Sep
Hunchback of Notre Dame,73,Apr
Hunchback of Notre Dame,30,Aug
Hunchback of Notre Dame,58,Dec
Hunchback of Notre Dame,49,Feb
Hunchback of Notre Dame,21,Jan
Hunchback of Notre Dame,34,Jul
Hunchback of Notre Dame,14,Jun
Hunchback of Notre Dame,62,Mar
Hunchback of Notre Dame,12,May
Hunchback of Notre Dame,35,Nov
Hunchback of Notre Dame,6,Oct
Hunchback of Notre Dame,7,Sep
Idiot,15,Apr
Idiot,5,Aug
Idiot,29,Dec
Idiot,36,Feb
Idiot,9,Jan
Idiot,92,Jul
Idiot,34,Jun
Idiot,53,Mar
Idiot,34,May
Idiot,37,Nov
Idiot,26,Oct
Idiot,6,Sep
Image Processing & Mathematical Morphology,27,Apr
Image Processing & Mathematical Morphology,69,Aug
Image Processing & Mathematical Morphology,53,Dec
Image Processing & Mathematical Morphology,65,Feb
Image Processing & Mathematical Morphology,34,Jan
Image Processing & Mathematical Morphology,21,Jul
Image Processing & Mathematical Morphology,88,Jun
Image Processing & Mathematical Morphology,39,Mar
Image Processing & Mathematical Morphology,29,May
Image Processing & Mathematical Morphology,60,Nov
Image Processing & Mathematical Morphology,41,Oct
Image Processing & Mathematical Morphology,21,Sep
Image Processing with MATLAB,30,Apr
Image Processing with MATLAB,17,Aug
Image Processing with MATLAB,57,Dec
Image Processing with MATLAB,5,Feb
Image Processing with MATLAB,16,Jan
Image Processing with MATLAB,15,Jul
Image Processing with MATLAB,6,Jun
Image Processing with MATLAB,29,Mar
Image Processing with MATLAB,20,May
Image Processing with MATLAB,25,Nov
Image Processing with MATLAB,29,Oct
Image Processing with MATLAB,52,Sep
In a Free State,13,Apr
In a Free State,2,Aug
In a Free State,18,Dec
In a Free State,50,Feb
In a Free State,26,Jan
In a Free State,14,Jul
In a Free State,55,Jun
In a Free State,49,Mar
In a Free State,44,May
In a Free State,27,Nov
In a Free State,39,Oct
In a Free State,24,Sep
Journal of Economics,48,Apr
Journal of Economics,58,Aug
Journal of Economics,47,Dec
Journal of Economics,21,Feb
Journal of Economics,51,Jan
Journal of Economics,12,Jul
Journal of Economics,54,Jun
Journal of Economics,24,Mar
Journal of Economics,23,May
Journal of Economics,33,Nov
Journal of Economics,23,Oct
Journal of Economics,39,Sep
Journal of a Novel,27,Apr
Journal of a Novel,23,Aug
Journal of a Novel,38,Dec
Journal of a Novel,23,Feb
Journal of a Novel,71,Jan
Journal of a Novel,42,Jul
Journal of a Novel,30,Jun
Journal of a Novel,57,Mar
Journal of a Novel,46,May
Journal of a Novel,33,Nov
Journal of a Novel,15,Oct
Journal of a Novel,52,Sep
Judge,20,Apr
Judge,30,Aug
Judge,61,Dec
Judge,34,Feb
Judge,26,Jan
Judge,14,Jul
Judge,51,Jun
Judge,41,Mar
Judge,46,May
Judge,36,Nov
Judge,52,Oct
Judge,26,Sep
Jurassic Park,35,Apr
Jurassic Park,28,Aug
Jurassic Park,53,Dec
Jurassic Park,46,Feb
Jurassic Park,34,Jan
Jurassic Park,31,Jul
Jurassic Park,68,Jun
Jurassic Park,33,Mar
Jurassic Park,70,May
Jurassic Park,11,Nov
Jurassic Park,24,Oct
Jurassic Park,32,Sep
Learning OpenCV,31,Apr
Learning OpenCV,40,Aug
Learning OpenCV,54,Dec
Learning OpenCV,23,Feb
Learning OpenCV,41,Jan
Learning OpenCV,62,Jul
Learning OpenCV,49,Jun
Learning OpenCV,9,Mar
Learning OpenCV,17,May
Learning OpenCV,27,Nov
Learning OpenCV,2,Oct
Learning OpenCV,24,Sep
Machine Learning for Hackers,37,Apr
Machine Learning for Hackers,4,Aug
Machine Learning for Hackers,48,Dec
Machine Learning for Hackers,41,Feb
Machine Learning for Hackers,18,Jan
Machine Learning for Hackers,42,Jul
Machine Learning for Hackers,15,Jun
Machine Learning for Hackers,33,Mar
Machine Learning for Hackers,39,May
Machine Learning for Hackers,54,Nov
Machine Learning for Hackers,29,Oct
Machine Learning for Hackers,21,Sep
Maqta-e-Ghalib,9,Apr
Maqta-e-Ghalib,45,Aug
Maqta-e-Ghalib,18,Dec
Maqta-e-Ghalib,21,Feb
Maqta-e-Ghalib,32,Jan
Maqta-e-Ghalib,34,Jul
Maqta-e-Ghalib,18,Jun
Maqta-e-Ghalib,19,Mar
Maqta-e-Ghalib,31,May
Maqta-e-Ghalib,12,Nov
Maqta-e-Ghalib,15,Oct
Maqta-e-Ghalib,17,Sep
Maugham's Collected Short Stories,39,Apr
Maugham's Collected Short Stories,43,Aug
Maugham's Collected Short Stories,45,Dec
Maugham's Collected Short Stories,30,Feb
Maugham's Collected Short Stories,20,Jan
Maugham's Collected Short Stories,23,Jul
Maugham's Collected Short Stories,50,Jun
Maugham's Collected Short Stories,28,Mar
Maugham's Collected Short Stories,45,May
Maugham's Collected Short Stories,37,Nov
Maugham's Collected Short Stories,35,Oct
Maugham's Collected Short Stories,44,Sep
Men of Mathematics,9,Apr
Men of Mathematics,41,Aug
Men of Mathematics,26,Dec
Men of Mathematics,25,Feb
Men of Mathematics,26,Jan
Men of Mathematics,29,Jul
Men of Mathematics,17,Jun
Men of Mathematics,52,Mar
Men of Mathematics,33,May
Men of Mathematics,41,Nov
Men of Mathematics,37,Oct
Men of Mathematics,38,Sep
Moon and Sixpence,15,Apr
Moon and Sixpence,51,Aug
Moon and Sixpence,25,Dec
Moon and Sixpence,27,Feb
Moon and Sixpence,20,Jan
Moon and Sixpence,10,Jul
Moon and Sixpence,33,Jun
Moon and Sixpence,37,Mar
Moon and Sixpence,70,May
Moon and Sixpence,22,Nov
Moon and Sixpence,23,Oct
Moon and Sixpence,59,Sep
Moon is Down,39,Apr
Moon is Down,16,Aug
Moon is Down,8,Dec
Moon is Down,17,Feb
Moon is Down,44,Jan
Moon is Down,55,Jul
Moon is Down,36,Jun
Moon is Down,47,Mar
Moon is Down,44,May
Moon is Down,34,Nov
Moon is Down,43,Oct
Moon is Down,28,Sep
More Tears to Cry,38,Apr
More Tears to Cry,15,Aug
More Tears to Cry,42,Dec
More Tears to Cry,26,Feb
More Tears to Cry,50,Jan
More Tears to Cry,23,Jul
More Tears to Cry,7,Jun
More Tears to Cry,51,Mar
More Tears to Cry,41,May
More Tears to Cry,36,Nov
More Tears to Cry,52,Oct
More Tears to Cry,32,Sep
Nature of Statistical Learning Theory,53,Apr
Nature of Statistical Learning Theory,14,Aug
Nature of Statistical Learning Theory,18,Dec
Nature of Statistical Learning Theory,22,Feb
Nature of Statistical Learning Theory,49,Jan
Nature of Statistical Learning Theory,32,Jul
Nature of Statistical Learning Theory,33,Jun
Nature of Statistical Learning Theory,38,Mar
Nature of Statistical Learning Theory,49,May
Nature of Statistical Learning Theory,48,Nov
Nature of Statistical Learning Theory,21,Oct
Nature of Statistical Learning Theory,11,Sep
Neural Networks,32,Apr
Neural Networks,29,Aug
Neural Networks,25,Dec
Neural Networks,28,Feb
Neural Networks,43,Jan
Neural Networks,25,Jul
Neural Networks,34,Jun
Neural Networks,41,Mar
Neural Networks,38,May
Neural Networks,51,Nov
Neural Networks,37,Oct
Neural Networks,24,Sep
New Machiavelli,14,Apr
New Machiavelli,51,Aug
New Machiavelli,76,Dec
New Machiavelli,41,Feb
New Machiavelli,27,Jan
New Machiavelli,55,Jul
New Machiavelli,28,Jun
New Machiavelli,25,Mar
New Machiavelli,45,May
New Machiavelli,31,Nov
New Machiavelli,37,Oct
New Machiavelli,19,Sep
New Markets & Other Essays,26,Apr
New Markets & Other Essays,41,Aug
New Markets & Other Essays,33,Dec
New Markets & Other Essays,31,Feb
New Markets & Other Essays,22,Jan
New Markets & Other Essays,56,Jul
New Markets & Other Essays,44,Jun
New Markets & Other Essays,31,Mar
New Markets & Other Essays,18,May
New Markets & Other Essays,45,Nov
New Markets & Other Essays,9,Oct
New Markets & Other Essays,27,Sep
Outsider,37,Apr
Outsider,42,Aug
Outsider,31,Dec
Outsider,56,Feb
Outsider,16,Jan
Outsider,25,Jul
Outsider,15,Jun
Outsider,28,Mar
Outsider,35,May
Outsider,14,Nov
Outsider,23,Oct
Outsider,35,Sep
Pattern Classification,49,Apr
Pattern Classification,40,Aug
Pattern Classification,26,Dec
Pattern Classification,35,Feb
Pattern Classification,49,Jan
Pattern Classification,29,Jul
Pattern Classification,14,Jun
Pattern Classification,39,Mar
Pattern Classification,11,May
Pattern Classification,40,Nov
Pattern Classification,17,Oct
Pattern Classification,37,Sep
Phantom of Manhattan,13,Apr
Phantom of Manhattan,39,Aug
Phantom of Manhattan,45,Dec
Phantom of Manhattan,35,Feb
Phantom of Manhattan,2,Jan
Phantom of Manhattan,28,Jul
Phantom of Manhattan,37,Jun
Phantom of Manhattan,44,Mar
Phantom of Manhattan,18,May
Phantom of Manhattan,13,Nov
Phantom of Manhattan,26,Oct
Phantom of Manhattan,30,Sep
Pillars of the Earth,43,Apr
Pillars of the Earth,63,Aug
Pillars of the Earth,32,Dec
Pillars of the Earth,34,Feb
Pillars of the Earth,28,Jan
Pillars of the Earth,49,Jul
Pillars of the Earth,26,Jun
Pillars of the Earth,29,Mar
Pillars of the Earth,40,Nov
Pillars of the Earth,11,Oct
Pillars of the Earth,37,Sep
Prisoner of Birth,23,Apr
Prisoner of Birth,31,Aug
Prisoner of Birth,43,Dec
Prisoner of Birth,56,Feb
Prisoner of Birth,46,Jan
Prisoner of Birth,41,Jul
Prisoner of Birth,50,Jun
Prisoner of Birth,53,Mar
Prisoner of Birth,38,May
Prisoner of Birth,30,Nov
Prisoner of Birth,8,Oct
Prisoner of Birth,42,Sep
Python for Data Analysis,51,Apr
Python for Data Analysis,37,Aug
Python for Data Analysis,47,Dec
Python for Data Analysis,47,Feb
Python for Data Analysis,6,Jan
Python for Data Analysis,36,Jul
Python for Data Analysis,32,Jun
Python for Data Analysis,43,Mar
Python for Data Analysis,25,May
Python for Data Analysis,40,Nov
Python for Data Analysis,42,Oct
Python for Data Analysis,1,Sep
Raisin in the Sun,59,Apr
Raisin in the Sun,11,Aug
Raisin in the Sun,24,Dec
Raisin in the Sun,44,Feb
Raisin in the Sun,42,Jan
Raisin in the Sun,25,Jul
Raisin in the Sun,31,Jun
Raisin in the Sun,19,Mar
Raisin in the Sun,92,May
Raisin in the Sun,72,Nov
Raisin in the Sun,38,Oct
Raisin in the Sun,42,Sep
Rationality & Freedom,23,Apr
Rationality & Freedom,11,Aug
Rationality & Freedom,36,Dec
Rationality & Freedom,23,Feb
Rationality & Freedom,41,Jan
Rationality & Freedom,42,Jul
Rationality & Freedom,57,Jun
Rationality & Freedom,15,Mar
Rationality & Freedom,17,May
Rationality & Freedom,56,Nov
Rationality & Freedom,62,Oct
Rationality & Freedom,15,Sep
Ropemaker,50,Apr
Ropemaker,31,Aug
Ropemaker,24,Dec
Ropemaker,51,Feb
Ropemaker,25,Jan
Ropemaker,41,Jul
Ropemaker,33,Jun
Ropemaker,27,Mar
Ropemaker,33,May
Ropemaker,32,Nov
Ropemaker,43,Oct
Ropemaker,82,Sep
Rosy is My Relative,29,Apr
Rosy is My Relative,43,Aug
Rosy is My Relative,34,Dec
Rosy is My Relative,37,Feb
Rosy is My Relative,34,Jan
Rosy is My Relative,9,Jul
Rosy is My Relative,41,Jun
Rosy is My Relative,29,Mar
Rosy is My Relative,47,May
Rosy is My Relative,54,Nov
Rosy is My Relative,30,Oct
Rosy is My Relative,49,Sep
Sea of Poppies,17,Apr
Sea of Poppies,13,Aug
Sea of Poppies,23,Dec
Sea of Poppies,9,Feb
Sea of Poppies,49,Jan
Sea of Poppies,12,Jul
Sea of Poppies,29,Jun
Sea of Poppies,17,Mar
Sea of Poppies,28,May
Sea of Poppies,23,Nov
Sea of Poppies,18,Oct
Sea of Poppies,64,Sep
Selected Short Stories,35,Apr
Selected Short Stories,19,Aug
Selected Short Stories,29,Dec
Selected Short Stories,35,Feb
Selected Short Stories,21,Jan
Selected Short Stories,39,Jul
Selected Short Stories,4,Jun
Selected Short Stories,56,Mar
Selected Short Stories,70,May
Selected Short Stories,32,Nov
Selected Short Stories,64,Oct
Selected Short Stories,25,Sep
Signal and the Noise,19,Apr
Signal and the Noise,35,Aug
Signal and the Noise,12,Dec
Signal and the Noise,39,Feb
Signal and the Noise,19,Jan
Signal and the Noise,15,Jul
Signal and the Noise,5,Jun
Signal and the Noise,41,Mar
Signal and the Noise,36,May
Signal and the Noise,15,Nov
Signal and the Noise,65,Oct
Signal and the Noise,65,Sep
Slaughterhouse Five,21,Apr
Slaughterhouse Five,33,Aug
Slaughterhouse Five,36,Dec
Slaughterhouse Five,10,Feb
Slaughterhouse Five,23,Jan
Slaughterhouse Five,20,Jul
Slaughterhouse Five,19,Jun
Slaughterhouse Five,43,Mar
Slaughterhouse Five,56,May
Slaughterhouse Five,42,Nov
Slaughterhouse Five,23,Oct
Slaughterhouse Five,29,Sep
Social Choice & Welfare,30,Apr
Social Choice & Welfare,43,Aug
Social Choice & Welfare,29,Dec
Social Choice & Welfare,44,Feb
Social Choice & Welfare,33,Jan
Social Choice & Welfare,34,Jul
Social Choice & Welfare,19,Jun
Social Choice & Welfare,25,Mar
Social Choice & Welfare,20,May
Social Choice & Welfare,22,Nov
Social Choice & Welfare,13,Oct
Social Choice & Welfare,32,Sep
Soft Computing & Intelligent Systems,46,Apr
Soft Computing & Intelligent Systems,24,Aug
Soft Computing & Intelligent Systems,37,Dec
Soft Computing & Intelligent Systems,24,Feb
Soft Computing & Intelligent Systems,38,Jan
Soft Computing & Intelligent Systems,29,Jul
Soft Computing & Intelligent Systems,29,Jun
Soft Computing & Intelligent Systems,67,Mar
Soft Computing & Intelligent Systems,27,May
Soft Computing & Intelligent Systems,22,Nov
Soft Computing & Intelligent Systems,22,Oct
Soft Computing & Intelligent Systems,20,Sep
Statistical Decision Theory',40,Apr
Statistical Decision Theory',21,Aug
Statistical Decision Theory',24,Dec
Statistical Decision Theory',42,Feb
Statistical Decision Theory',25,Jan
Statistical Decision Theory',17,Jul
Statistical Decision Theory',52,Mar
Statistical Decision Theory',34,May
Statistical Decision Theory',24,Nov
Statistical Decision Theory',23,Oct
Statistical Decision Theory',21,Sep
Statistical Learning Theory,11,Apr
Statistical Learning Theory,41,Aug
Statistical Learning Theory,31,Dec
Statistical Learning Theory,30,Feb
Statistical Learning Theory,26,Jan
Statistical Learning Theory,34,Jun
Statistical Learning Theory,45,Mar
Statistical Learning Theory,10,May
Statistical Learning Theory,32,Nov
Statistical Learning Theory,36,Oct
Statistical Learning Theory,14,Sep
Structure and Randomness,15,Apr
Structure and Randomness,24,Aug
Structure and Randomness,29,Dec
Structure and Randomness,13,Feb
Structure and Randomness,39,Jan
Structure and Randomness,23,Jul
Structure and Randomness,26,Jun
Structure and Randomness,34,Mar
Structure and Randomness,21,May
Structure and Randomness,43,Nov
Structure and Randomness,45,Oct
Structure and Randomness,31,Sep
Superfreakonomics,51,Apr
Superfreakonomics,45,Aug
Superfreakonomics,27,Dec
Superfreakonomics,41,Feb
Superfreakonomics,12,Jan
Superfreakonomics,31,Jul
Superfreakonomics,29,Jun
Superfreakonomics,76,Mar
Superfreakonomics,42,May
Superfreakonomics,34,Nov
Superfreakonomics,55,Oct
Superfreakonomics,35,Sep
Tales of Beedle the Bard,40,Apr
Tales of Beedle the Bard,21,Aug
Tales of Beedle the Bard,38,Dec
Tales of Beedle the Bard,28,Feb
Tales of Beedle the Bard,71,Jan
Tales of Beedle the Bard,16,Jul
Tales of Beedle the Bard,47,Jun
Tales of Beedle the Bard,10,Mar
Tales of Beedle the Bard,41,May
Tales of Beedle the Bard,42,Nov
Tales of Beedle the Bard,34,Oct
Tales of Beedle the Bard,36,Sep
Tales of Mystery and Imagination,28,Apr
Tales of Mystery and Imagination,24,Aug
Tales of Mystery and Imagination,59,Dec
Tales of Mystery and Imagination,41,Feb
Tales of Mystery and Imagination,58,Jan
Tales of Mystery and Imagination,28,Jul
Tales of Mystery and Imagination,39,Jun
Tales of Mystery and Imagination,36,Mar
Tales of Mystery and Imagination,37,May
Tales of Mystery and Imagination,15,Nov
Tales of Mystery and Imagination,16,Oct
Tales of Mystery and Imagination,33,Sep
Textbook of Economic Theory,68,Apr
Textbook of Economic Theory,52,Aug
Textbook of Economic Theory,20,Dec
Textbook of Economic Theory,39,Feb
Textbook of Economic Theory,34,Jan
Textbook of Economic Theory,46,Jul
Textbook of Economic Theory,21,Jun
Textbook of Economic Theory,30,Mar
Textbook of Economic Theory,45,May
Textbook of Economic Theory,22,Nov
Textbook of Economic Theory,33,Oct
Textbook of Economic Theory,20,Sep
Think Complexity,32,Apr
Think Complexity,15,Aug
Think Complexity,49,Dec
Think Complexity,26,Feb
Think Complexity,32,Jan
Think Complexity,13,Jul
Think Complexity,52,Jun
Think Complexity,43,Mar
Think Complexity,31,May
Think Complexity,40,Nov
Think Complexity,15,Oct
Think Complexity,22,Sep
To Sir With Love,24,Apr
To Sir With Love,47,Aug
To Sir With Love,32,Dec
To Sir With Love,20,Feb
To Sir With Love,27,Jan
To Sir With Love,46,Jul
To Sir With Love,45,Jun
To Sir With Love,39,Mar
To Sir With Love,40,May
To Sir With Love,34,Nov
To Sir With Love,17,Oct
To Sir With Love,56,Sep
Trembling of a Leaf,37,Apr
Trembling of a Leaf,30,Aug
Trembling of a Leaf,20,Dec
Trembling of a Leaf,10,Feb
Trembling of a Leaf,48,Jan
Trembling of a Leaf,9,Jul
Trembling of a Leaf,9,Jun
Trembling of a Leaf,45,Mar
Trembling of a Leaf,32,May
Trembling of a Leaf,31,Nov
Trembling of a Leaf,10,Oct
Trembling of a Leaf,7,Sep
Trial,30,Apr
Trial,64,Aug
Trial,25,Dec
Trial,16,Feb
Trial,19,Jan
Trial,14,Jul
Trial,36,Jun
Trial,16,Mar
Trial,57,May
Trial,15,Nov
Trial,37,Oct
Trial,49,Sep
Urlasurla,35,Apr
Urlasurla,31,Aug
Urlasurla,40,Dec
Urlasurla,36,Feb
Urlasurla,26,Jan
Urlasurla,42,Jul
Urlasurla,21,Jun
Urlasurla,50,Mar
Urlasurla,28,May
Urlasurla,23,Nov
Urlasurla,51,Oct
Urlasurla,41,Sep
Veteran,8,Apr
Veteran,48,Aug
Veteran,26,Dec
Veteran,9,Feb
Veteran,24,Jan
Veteran,12,Jul
Veteran,27,Jun
Veteran,19,Mar
Veteran,41,May
Veteran,39,Nov
Veteran,40,Oct
Veteran,38,Sep
We the Living,17,Apr
We the Living,16,Aug
We the Living,9,Dec
We the Living,34,Feb
We the Living,21,Jan
We the Living,49,Jul
We the Living,33,Jun
We the Living,21,Mar
We the Living,20,May
We the Living,26,Nov
We the Living,8,Oct
We the Living,22,Sep
Wealth of Nations,39,Apr
Wealth of Nations,69,Aug
Wealth of Nations,26,Dec
Wealth of Nations,40,Feb
Wealth of Nations,24,Jan
Wealth of Nations,21,Jul
Wealth of Nations,26,Jun
Wealth of Nations,44,Mar
Wealth of Nations,32,May
Wealth of Nations,33,Nov
Wealth of Nations,48,Oct
Wealth of Nations,33,Sep
Winter of Our Discontent,22,Apr
Winter of Our Discontent,32,Aug
Winter of Our Discontent,44,Dec
Winter of Our Discontent,30,Feb
Winter of Our Discontent,28,Jan
Winter of Our Discontent,54,Jul
Winter of Our Discontent,36,Jun
Winter of Our Discontent,27,Mar
Winter of Our Discontent,68,May
Winter of Our Discontent,36,Nov
Winter of Our Discontent,45,Oct
Winter of Our Discontent,28,Sep
World's Greatest Short Stories,25,Apr
World's Greatest Short Stories,9,Aug
World's Greatest Short Stories,17,Dec
World's Greatest Short Stories,31,Feb
World's Greatest Short Stories,83,Jan
World's Greatest Short Stories,1,Jul
World's Greatest Short Stories,23,Jun
World's Greatest Short Stories,54,Mar
World's Greatest Short Stories,43,May
World's Greatest Short Stories,15,Nov
World's Greatest Short Stories,28,Oct
World's Greatest Short Stories,37,Sep
